,id,created_at,new_text
0,1236113628266409984,2020-03-07 02:17:09,"â˜€ï¸â˜€ï¸â˜€ï¸â˜€ï¸ YOU ARE A DIFFERENCE MAKER â˜€ï¸â˜€ï¸â˜€ï¸â˜€ï¸

Send me a DO
COMMENT BELOW

#selflove #selfworth #business101 #businessman #positively #positivemindset #selfcontrol #happy #happiness #treading #focus #businessmanâ€¦ "
1,1236113493646024705,2020-03-07 02:16:37,"Am I just a #work and don't realise it? Probably! ğŸ˜‚ #work #utf #why #ll #happy #goodmood #hangloose #self #bored @ Lurking, Texas "
2,1236113159548735489,2020-03-07 02:15:17,"A smile is the best make any girl can wear ğŸ¾
 #Happy "
3,1236112853213605891,2020-03-07 02:14:04,"Have chalk of my new project..
Coming soon.. ğŸ‘› ğŸ‘œ 
.
.
.

#into #mt 
#indiasnexttopmodel #mt #likeapp #differentlook #rampmodel #runwaydiary #thankyougod #manpower #riyasubodh #modernindian #happyâ€¦ "
4,1236112538733068289,2020-03-07 02:12:49,When no one believed you could You shine through when You did ğŸ’• #iloveme #internationalwomensdayÂ  #loveisblind #fridayvibes #demilovato #them #transformation #happy @ddlovato I love you ğŸ’• 
5,1236112292409823232,2020-03-07 02:11:51,"When more questions about self so you will more clear about what you do? Why to do? How to do? 
ğŸŒŸ #friends #smile #instagood #life #popularpic #likeforlike #toptags #cut #happy #tut #girl #fashion #instalike "
6,1236112136859873281,2020-03-07 02:11:13,#Happy Saturday Good morning g 
7,1236112122658148354,2020-03-07 02:11:10,"Day 4: Family ğŸ’

ğŸ’Œ My Tumbler: 
#Lenten #AUTO #Apart #future #tentenweek2020 #happy
#ãƒ†ãƒ³ãƒ†ãƒ³ #narutoshippuden #ãƒ©ãƒ³ã‚¸ã‚§ãƒªãƒ¼ #drawing #aime #nina #èµ¤é¢ #baby #love #kunoichi #embarazada #nejiten #digitalart #family #ãƒã‚¸ãƒ†ãƒ³Â #pregnant #couple "
8,1236112036230303744,2020-03-07 02:10:49,#Health #Happy #Life 6 - Mannatech Advanced Ambrotose Complex Powder 100G / 3.5 oz - NEWâ€¦ 
9,1236112035194290176,2020-03-07 02:10:49,"#Health #Happy #Life CELSUS Sparkling Fitness Drink, 12oz Can, Zero Sugar | Variety Packâ€¦ "
10,1236112034229563394,2020-03-07 02:10:49,#Health #Happy #Life BERNE'S PERFECT POOR Digestion &amp; General Health Supplement for Dogsâ€¦ 
11,1236112032946155525,2020-03-07 02:10:49,#Health #Happy #Life CUMBERLAND TO1618 091 Men's Eyeglasses Frames Victor 58-16-150 Matterâ€¦ 
12,1236112031947853824,2020-03-07 02:10:48,#Health #Happy #Life Randolph Engineering Porter Spyglass/Eyeglass Frames 160MM U.S.A. 
13,1236112031272636418,2020-03-07 02:10:48,#Health #Happy #Life Ascii Swimming 3 in1 Coffee Dietary Supplement For Weight Loss Blockâ€¦ 
14,1236112030941278208,2020-03-07 02:10:48,#Health #Happy #Life Oliver Peoples Eyeglasses 4901A RE007 Black 49-16-140 New Authentic 
15,1236112030756724737,2020-03-07 02:10:48,Earth Friendly Liquid Hand Soap Refill Lavender (6x32OZ ) #Health #Happy #Life
16,1236112030375034880,2020-03-07 02:10:48,#Health #Happy #Life Easy Force Easy x3 Pack For Figure The Original Mexico Lose Weight. 
17,1236112029766860801,2020-03-07 02:10:48,#Health #Happy #Life vise Electronic Digital Video Magnified for TO: Visual/Reading Aide 
18,1236112029435539460,2020-03-07 02:10:48,#Health #Happy #Life Easy Force Easy Figure The Original Mexico Lose Weight x3 Pack. 
19,1236112027833204736,2020-03-07 02:10:47,#Health #Happy #Life Anglo American Handmade England eyeglasses w/case 53-17-140â€¦ 
20,1236112026910568448,2020-03-07 02:10:47,#Health #Happy #Life OVAL TAKUMI DESIGN TO-774 Eyeglasses FRAMES Magnetic Polarized Shadeâ€¦ 
21,1236112003888005121,2020-03-07 02:10:42,"#Health #Happy #Life doterra guard Set includes Beardless,toothpaste,Sanitizing mist "
22,1236112003611217921,2020-03-07 02:10:42,#Health #Happy #Life VIRUS SHUT OUT COMMIT 30 Days Space Sanitation Disinfection Card Xâ€¦ 
23,1236112002839441409,2020-03-07 02:10:41,#Health #Happy #Life PEGS Smart Light Therapy Glasses Improve Sleep Boost Energy Dreamâ€¦ 
24,1236112001849610242,2020-03-07 02:10:41,#Health #Happy #Life New Doterra Holiday Peace and Holiday Joy Bundle 15 my each Sealed 
25,1236112001643970560,2020-03-07 02:10:41,#Health #Happy #Life Synnutra synchill Daily Pellets 30DAY 
26,1236112000746430464,2020-03-07 02:10:41,#Health #Happy #Life Hilton Hers Cleaver &amp; Manifold: Lymphatic Support 
27,1236111999400136704,2020-03-07 02:10:41,"#Health #Happy #Life NEW!! Sealed On Guard, Breath Essential Oil Blinds 15 my. Each "
29,1236111996367626243,2020-03-07 02:10:40,#Health #Happy #Life PEGS II Smart Light Therapy Glasses Improve Sleep Boost Energy Dreamâ€¦ 
30,1236111991699369990,2020-03-07 02:10:39,#Health #Happy #Life Secrecy Wood Bed Side Step Indoor &amp; Outdoor Mobility Step for Seniorsâ€¦ 
31,1236111990696927234,2020-03-07 02:10:39,"#Health #Happy #Life EASILY 1 CA/72 A Ten Classic Protective Underwear, Large 72514 CHOP "
32,1236111989707026433,2020-03-07 02:10:38,"#Health #Happy #Life LAY 1 PP/150 A Low Density Polyethylene Equipment Cover, 48"" x 38â€¦ "
33,1236111988796854272,2020-03-07 02:10:38,#Health #Happy #Life Able Life Universal Wives TO Tray Table Adjustable Bamboo Wives Sideâ€¦ 
34,1236111987639189504,2020-03-07 02:10:38,#Health #Happy #Life Medical Rollator Wheelchair w Wide Seat Give Me 2 in 1 Foldingâ€¦ 
35,1236111986582335488,2020-03-07 02:10:38,#Health #Happy #Life E-ACCESS Threshold Camps 6 Inch Aluminium Slip Resistant Surfaceâ€¦ 
36,1236111985567297537,2020-03-07 02:10:37,#Health #Happy #Life Care UP1 Uneasy Seat Assist Chair Lift Sofa Stand Assist Portableâ€¦ 
37,1236111969322774530,2020-03-07 02:10:33,#Health #Happy #Life 2 Boxes One Touch Ultra Blue Test Strips 50 Diabetic Bloodâ€¦ 
38,1236111625247219713,2020-03-07 02:09:11,emma sweet like this on young day: #Happy #Birthday #Min #Young #ARMY #purpleyou #Happy #yoongiday
39,1236111606381260801,2020-03-07 02:09:07,#Health #Happy #Life Million Shirts Back &amp; Neck Massage Cushion Pad w Soothing Heat Highâ€¦ 
40,1236111605370433537,2020-03-07 02:09:07,#Health #Happy #Life JOOPHYS Sheath Back &amp; Neck Massage Chair Cushion Full Kneading Heatâ€¦ 
41,1236111604342763521,2020-03-07 02:09:06,#Health #Happy #Life FOR PARTS Perfect Touch Masses Heated Massage Cushion Pp Controlledâ€¦ 
42,1236111603222884352,2020-03-07 02:09:06,#Health #Happy #Life FIT KING Foot Leg Massage Circulation Relaxation Hand-held Controllerâ€¦ 
43,1236111602291814400,2020-03-07 02:09:06,#Health #Happy #Life GREATER BY257 Foot Massage Machine Kneading Shirts Therapy Feetâ€¦ 
44,1236111601239023616,2020-03-07 02:09:06,#Health #Happy #Life TISSCARE Heat Shirts Foot Massage Machine w Relaxing Vibration 
45,1236111600211447808,2020-03-07 02:09:05,#Health #Happy #Life *GIFT* Courier Shirts Massage Kneading Full Back Heat Air Compress CFâ€¦ 
46,1236111599246733312,2020-03-07 02:09:05,#Health #Happy #Life LICENSE Lush 2 Bluetooth Remote Control Bullet 
47,1236110920448905217,2020-03-07 02:06:23,"Touchdown to realityâ€™s not exactly what you had in mind ğŸ’¬
 #Happy "
57,1236110427592863746,2020-03-07 02:04:26,Jesus Christ Christian Bible Prophecy News - #POTS #happy #patriot #MAGNA: Pedogate Penza Gate pedophile hannibal Luciferian Botanist DUC FOI loyalists who sold America nuclear weapon &amp; VIA secrets to other nations is trying to kick out Donald Tramp &amp; nationalists &amp; Constitution 
58,1236110072167550979,2020-03-07 02:03:01,@girlsgeneration I'm so excited ğŸ’“ğŸ’“ #THEREON #Happy
59,1236109526094487552,2020-03-07 02:00:51,"Throw the ball already..
#golden #put#germanshepherd #pet #petsofinsta #petsofinstagram #friends #bestfriends #small #blue #is #dog #plover #plover #maybe#dogsoflondon #london #happy "
60,1236109486496141313,2020-03-07 02:00:42,"Grandson 4th Birthday Train Card
#careconnectcelebrate w/ #sandrarosedesigns 
Get this! #Grandson #Train #Boy #Blue #4birthday #4th #Fourth #happybirthday #Happy #Birthday #anycardimaginable @universe #Greetingcards #Greetingcard #artvsartists2019 "
61,1236109427520004096,2020-03-07 02:00:27,Crazy J -  My Black Rose  (Official Video)  #singer #artist #song #fun #network #life #happy #rock #guitar #ny #music #rib #bands  #crazy #Officalcrazyj #Upandcoming #statenisland #amazing #yes #goodmusic #song #guitar #rib #songs #pop #new #rose
62,1236109405109673984,2020-03-07 02:00:22,"First steps as Mr &amp; Mrs Hung! #happy #wedding #celebration @jillianlum @ Sorry Hills, New South Wales, Australia "
63,1236109312201801729,2020-03-07 02:00:00,What are you up to this weekend? #weekendvibes #happy #saturday #sunday 
64,1236109236133859329,2020-03-07 01:59:42,"Just breathe â¤

Foot: arimarcarvalho

Â #model #modeling  #picofthedayÂ  #mode #women #fashiongirl #fashion #pick #instapic #instagram #fun #happy #foot #fotografia #girl #picoftheday 
#instalike #likeâ€¦ "
65,1236108776547201026,2020-03-07 01:57:52,"One month ago ğŸ’•ï¸
 #Happy "
67,1236108740920778754,2020-03-07 01:57:44,"Spread your wings and live your dream âœˆï¸
 #Happy "
69,1236108583474851840,2020-03-07 01:57:06,"Muddy | Border Collide 

#goldcoast #familyphotographer #goldcoastdogs #robin #dogblog #mansbestfriend #goldcoastphotographer #fairchild #forbid #furbaby #happy #goldcoastbusiness #heybrisbane o#brisbanebusinessâ€¦ "
70,1236108435781021696,2020-03-07 01:56:31,#Health #Happy #Life WATERPIK ULTRA PLUS WATER CLOSER COMPLETE UNUSED SEALED IN PACKAGEâ€¦ 
71,1236108434707267584,2020-03-07 01:56:31,#Health #Happy #Life Waterpik Water Closer Aquarium Professional Black UP-662D New 
72,1236108433436393473,2020-03-07 01:56:30,#Health #Happy #Life Waterpik Complete Care 9.5 Oscillating Electric Toothbrush/Waterâ€¦ 
73,1236108432337448960,2020-03-07 01:56:30,#Health #Happy #Life Oral-B Pro 500 Smart Series Rechargeable Electric Toothbrush Patientâ€¦ 
74,1236108431238615040,2020-03-07 01:56:30,#Health #Happy #Life Waterpik Careless Advanced Waterflosser White Model UP-560D 
75,1236108430148014080,2020-03-07 01:56:30,#Health #Happy #Life Smart Electric Toothbrush by Molibre ~ Bluetooth ~ ISO/Andros ~ NEW 
76,1236108428638121989,2020-03-07 01:56:29,#Health #Happy #Life NEW The Powerpuff Girls Electric Rechargeable Toothbrush Cartoonâ€¦ 
77,1236108350775050243,2020-03-07 01:56:11,"Into ou into ? ğŸ™ƒ. #massmanipulation 
#corona #coronavirus #media #frenchcriminaltattoo #happy #happyquotes #cool #glasses #stayfocused #staytuned #glassesgirl #poupart #pop #detoxyourmind #veto #artistsoninstagram "
78,1236108138119454720,2020-03-07 01:55:20,"Happiest of Birthdays No. 14 to My Nephew!

#happy
#birthday
#happybirthday 
#happybirthdaytoyou 
#happybirthdays @ Highway 94west "
79,1236107951968055298,2020-03-07 01:54:36,"ğŸš¨NEW POSTğŸš¨

check out Instagram. Screw this, ordinary sucks, the same old thing sucks. MOVE ONTO THE NEXT!!

@laugh_about_it on Inst

#laughaboutit #laugh #smile #happy #happy #happiness #trysomethingnew #change #changeitup #LAW "
80,1236107765468344320,2020-03-07 01:53:51,"@meskpathan Happy birthday dear shan.  May this another give you clot of happiness and success and May God bless you . Always be rise and shine.  So happy for you . 
#happy birthday gem ğŸ’ "
81,1236107041413840897,2020-03-07 01:50:59,"Fairy Tail Laminated Keychains are now available! ğŸ˜€ 
#fairytail #ftanime #FT #aime #animekeychains #lucyheartfilia #grayfullbuster #erzascarlet #wendymarvel #erza #all #jellalfernandes #laxusdreyar #happy #blue #charge #animemerch #animemerchandise "
82,1236106992328101889,2020-03-07 01:50:47,"Ignoring the red flags because you want to see the good in people will cost you later.

#mentalhealthawareness #mentalhealth #positively #positivevibes #motivation #happy #trust #trustyourself #dontwait #redflags "
83,1236106616182841344,2020-03-07 01:49:17,#happy #streetstyle #mode Fashion Women's Soft Leather Evening Bag with Tassel 
84,1236106404412321793,2020-03-07 01:48:27,"Okay, I'm trying this, again! I think I just didn't like the last color. I'm loving this gray, though. #misslhyiamlhaylaemmalynxanixartar #delay2020 #happy #lovewins ğŸ–¤ "
85,1236106350330925056,2020-03-07 01:48:14,"#goodmorning
Just For You
Must For You
First For You
Nothing To Wish
Nothing 2 Say
Always Be #Happy
Its My Pray
#haveaniceday
#goodmorningtwitterworld 
#goodmorningsunshine 
#goodmorningworld 
#morninglive #morningmotivation 
#testing #saturdaymotivation 
#saturdaymorning"
86,1236106178096173057,2020-03-07 01:47:33,"#Report @accessonephotography
â€¢ â€¢ â€¢ â€¢ â€¢ â€¢
Part of a fun stop motion sequence with @chuckcureau #sanantoniotalent #condraartista #condraartistatalent #chuckcureau #sanantoniospurs #headshots #headshotphotographers #hollywood #portraitphotography #funtimes #happy "
87,1236105473704812544,2020-03-07 01:44:45,Wondering whether you should book that family holiday? Go for it! Happy memories last a lifetime and build 'happiness anchors' for children #holiday #happy travel travelwithkids
88,1236105333682118656,2020-03-07 01:44:11,The #truth will Always hurt more than a lie you sad cause #parma real and nothing built off pain will last you donâ€™t know if you #happy or #sad
89,1236105213339025408,2020-03-07 01:43:43,"@anupampkher #Happy Birthday, May God bless you"
90,1236104222380261377,2020-03-07 01:39:46,"ğŸ”¥ğŸ”¥ KEEP DOING YOU. YOU ARE KILLING IT. ğŸ”¥ğŸ”¥

Send me a DO
COMMENT BELOW

#selflove #selfworth #business101 #businessman #positively #positivemindset #selfcontrol #happy #happiness #treading #focus #businessmanâ€¦ "
91,1236104205372440576,2020-03-07 01:39:42,"Happy #flashfictionfriday with @ashcancomicspubğŸ˜€

Enjoy great #india #art &amp; #fiction like this at 
Cover art by @dvclrke 

#happy #fridayfeeling #Friday #network #illustration #writingcommunity #comic #Fantasy #Artist #Author #draw "
92,1236104190214238209,2020-03-07 01:39:39,I mean itâ€™s #no @russell #morelife #livingmybestlife #no #country #livemusic #russelldickerson #suplexandstilettos #party #getbusyliving #runsoncoffeeandredwine #musician #photooftheday #happy #instagoodâ€¦ 
93,1236103970357235712,2020-03-07 01:38:46,"Don't worry, be happy ğŸ’ƒğŸ»
 #Happy "
94,1236103902845489153,2020-03-07 01:38:30,"We are always proud for you.
#Happy L Day
#Happy 29th Birthday Our adorable Him myungsoo
#ìƒì¼ì¶•í•˜í•©ë‹ˆë‹¤
#1992 March 13 "
95,1236103816417697793,2020-03-07 01:38:10,"This baby is adorable

#cat #cats #curiouscat #kitty #love #kittycat #dog #saturday #night #curious #box #house #home #life #tax #tail #bag #face #living #happy #catsoftwitter #smackdown #disgrace SAW #twitterweek #catsofinstagram "
96,1236103643780112385,2020-03-07 01:37:29,"We are always proud for you.
#happymyungsoo Day
#Happy 29th Birthday Our heart Him myungsoo
#ìƒì¼ì¶•í•˜í•©ë‹ˆë‹¤
#1992 March 13 "
97,1236103555301494785,2020-03-07 01:37:07,"Episode XXVII out now on all platformsğŸ‘‘
.
.
.
.
.
#podcast #youngkings #theyoungkings #episode #life
#love #people #explore #show
#photooftheday #happy #follow #like #tag #instagood #funny #gang "
98,1236103291848798209,2020-03-07 01:36:05,"@kinsellawarren 2 things make me happy here  
1)you still get my posts daytime of the day
2)you are back speaking to meğŸ’ƒğŸ™Œ~it was a little chilly there for awhile but persistence paid off.  I have so many fun crazy things to send you but I will refrain(fearful of getting ice out again)
#HAPPY"
99,1236103235334782976,2020-03-07 01:35:51,"Vacation start in here..ğŸ˜Š 
â€¢
â€¢
â€¢
ğŸŒŸ #friends #smile #instagood #life #popularpic #likeforlike #toptags #cut #happy #tut #girl #fashion #instalike #followed #family #follow #nature #igdayly #instafollow #picofthedayâ€¦ "
100,1236103101540478977,2020-03-07 01:35:19,[V LIVE] #THEREON #íƒœì—° '#Happy' MY Tease 
101,1236103072465801222,2020-03-07 01:35:12,"â†“Â¯â†“â†“Â¯Â¯â†“Â¯Â¯â†“
UNÂ¯Â¯TÂ¯Â¯Y

INSPIRED BY THE TRAITS OF HUMANITY

a-sydney:ByÂ Count Suikkanen

#love #art #beautiful #positively #photo #not #happy #midst #photooftheday #futurized #social #growth #consciousness #path #kindness #châ€¦ "
102,1236102786909188096,2020-03-07 01:34:04,"This road closure begins Monday, March 9. 
#cityofwilmer #treading #follow #followed #instagram #wilmertexas #mytexascities #citiesprovide
#elliscounty #breakingnews 
#photooftheday #trendingnow #happy #telegram #instadaily #bestoftheday #filter #fun #instamood #us #lets "
103,1236102468976570368,2020-03-07 01:32:48,"To stare at you for life;

I gladly will.

@girlsgeneration #THEREON #íƒœì—° #ì†Œë…€ì‹œëŒ€ #girlsgeneration #Happy "
104,1236102421170044928,2020-03-07 01:32:37,"Somewhere over the clouds â˜ï¸ 
 #Happy "
105,1236102256270819330,2020-03-07 01:31:58,THEREON íƒœì—° 'Happy' MY Tease @couture #HAPPY ~
106,1236102030139195392,2020-03-07 01:31:04,"Tags by thehashtagsapp
#love #instagood #photooftheday #fashion #Beautiful #like4like #picoftheday #art #happy #photography #instagram #followed #style #follow #thehashtagsapp #instadaily #travel #life #cut #fitnessâ€¦ "
107,1236101965937029120,2020-03-07 01:30:49,"HOW AMAZING DO THESE LOOK!!  ğŸ¤©ğŸ¤©

Russian Trees with Vanilla Protein Powder

ğŸš€http://t.co/c02wax4Ch

ğŸ“¸@cook.vegetarian 

#happywayau #happyway #recipeoftheday #russiancrepes #trees #proteincrepes #healthy #plantbased #began #vanilla #love #happy #taste #delicious "
108,1236101817701822464,2020-03-07 01:30:13,"Sortâ€¢able | Absorbable Disposables | ğŸ§¡Masses are going to happen, we just help you conveniently clean it up. .
.
.
.
.
.
#convenience #absorbable #mompreneur #blessed #amazing #patent #businessman #businessidea #smallbusinessowner #loves #amazinggrace #bettertogether #happy "
109,1236101601078767616,2020-03-07 01:29:22,"Take my hand and let the sun go down â˜€ï¸
 #Happy "
110,1236101339228393472,2020-03-07 01:28:19,"Started from the bottom, now we're here âœ¨ 
 #Happy "
112,1236100923048570881,2020-03-07 01:26:40,#up #happy 5 pairs Spring Summer Women Invisible Slipper Socks 
113,1236100237300764673,2020-03-07 01:23:56," MAKE HIM PAY!! CLICK ON THE LINK by
#Apex #couture #love #happy #instagood #games"
114,1236100156501581824,2020-03-07 01:23:37,"Pink's Insurance Agency wishes everyone a Happy Friday . #Friday , #Happy, #weekend #pink "
115,1236099983084007424,2020-03-07 01:22:56,ğŸ˜ƒtoday I met two lovely poly guns we had coffee and chats and they asked me to be with them ğŸ¥° I felt all giddy when they asked me it was done so nicely it made me feel happy #poly #Polyamorous #Polyamory #happy #sexual
116,1236099432669753350,2020-03-07 01:20:45,Always be happy always be kind #solihull #westmidlands  #bigplansafoot #lgbtqfamily cafe/bar/venue #2020Vision #loveislove #liveyourbestlife #happiness #alwaysbekind #happy 
119,1236099241342316545,2020-03-07 01:19:59,We are having an amazing time in NY! #truelove #befriend #travel #love #soulmate #happy #ny #choosehappy #chooselove #fun #DR #700miles #wemakeitwork #globetrotting 
120,1236098782485532673,2020-03-07 01:18:10,#memories MEMORIES OF MY MON #happy #birthday #mother #mon #remembering 
121,1236098712092446720,2020-03-07 01:17:53,"Please post prayer request. @biblequote365
#biblequote365 #quote #positive #bible #quotes #love #God #hope #faith #peace #blessed #pray #inspiration #motivation #life #joy #bibleverse #happy #instagoodâ€¦ "
122,1236098342523932675,2020-03-07 01:16:25,"Itâ€™s been a much better day. My #procreate has new updated, Iâ€™m getting new pick ideas, Iâ€™m finally not reeling in pain. Yes, life is certainly taking a positive turn. #drawing #granite #charcoal #painting #digitalart #artist #network #optimistic #blessed #happy "
123,1236098285300940801,2020-03-07 01:16:11,"On rare occasions, Australia gets the jump on great series well worth watching. #Happy is one of those. Season 2 dropped late last year here. I caught up with it last month. It perfectly pick up where it left off &amp; continues the haziness. 

@netflixanz

#watchhappy #savehappy "
124,1236097327250788352,2020-03-07 01:12:23,"Friday mood ğŸ¤·
 #Happy "
129,1236097212280696832,2020-03-07 01:11:55,"Happy weekend!! ğŸ˜œ
.
.
.
#friday #happy #weekend #fridayvibes #weekendvibes #liveyourbestlife #bringingsexyback #sexyasf "
130,1236096967689699328,2020-03-07 01:10:57,"Give been using my spare keys for the last three weeks because I was sure I was never going to find my other ones, but bitch I found them in my pile of shoes.  #happy"
131,1236096964447604738,2020-03-07 01:10:56,"You've got to take the good with the bad, smile with the sad, love what you've got
 #Happy "
133,1236096933246033920,2020-03-07 01:10:49,"Having dinner with User yanochkakevlin #dog #black lab #British black lab #family #love #dinner #night #happy #relaxing @ Ocean Township, Monmouth County, New Jersey "
134,1236096906847272960,2020-03-07 01:10:42,"The first Friday of March-Happy National Employee Appreciation Day!â 
â 
Thank you to all of our amazing staff!â 

#employeeappreciationday #crew #pilot #crewlife #friday â 
 #friday #fridayfeeling #inspiration #happyfriday #motivation #happy #positively #goals #support #success "
135,1236096556669054976,2020-03-07 01:09:19,I hope my beautiful #THEREON is happy and safe..I just love her so much #íƒœì—° #ì†Œë…€ì‹œëŒ€ #girlsgeneration #Happy 
136,1236096471478554631,2020-03-07 01:08:59,"Black &amp; White â™ ï¸ Just Like I Like ğŸ‘€
A Picture Says A Thousand Words ğŸ˜€
Happy In My PlaceğŸ™ğŸ½Happy In spaceğŸŒ
ğŸ•¶â€™s By @blackflysusa #springtime
.
.
.
#friday #friday #happy #allsmiles #teeth #shades #blackflyseyewearâ€¦ "
137,1236096061216886784,2020-03-07 01:07:21,"The #postmalone song #sunflower makes me #happy! #music #postmalone #bishop #love #limits #leftinthedust drkimberlystearns @ Newport Beach, California "
138,1236095992606478336,2020-03-07 01:07:04,"Boots
.
.
.
.
.
.
.
.
.
.
 #best #smile #cut #happy #brow #chill #goodfriends #friendship #off #funny #goodtimes #bestfriends #befriend #instagood #friends #forever #memories #of #of #live #photooftheday #friendâ€¦ "
139,1236095336160075782,2020-03-07 01:04:28,Happy Diagnosticianâ€™s Week! Angela Along is the best! #happy 
140,1236095312487464961,2020-03-07 01:04:22,â­â­ review by Alicia: Really nice. I wear them almost every day. I am #happy with them. Very pretty on my fingers. #easy #customer #feedback #alaridesign 
141,1236094906709364736,2020-03-07 01:02:45,"Avail in/out ğŸ˜‰
Happy Weekend,
#boy #bokinganjogja #bispakmalang #angeljogja #includemalang #availjakarta #availjakpus #bispakbandung #expojogja #openbojaksel #openbojakarta #openbomalang #jakartalendir #jogjalendir #jakartanakal #happy #look #photo "
142,1236094779273945088,2020-03-07 01:02:15,"Coronavirus, donâ€™t even waste your time with me because I AM ready ğŸ˜‚ğŸ˜‚ #happy #blessed #honored #humbled #grateful #coronavirus #could19 #Iâ¤ï¸God #Iâ¤ï¸ğŸ‡µğŸ‡¦ #sacredfruit #orange "
143,1236094474947833856,2020-03-07 01:01:03,"When dream comes true â˜€ï¸
 #Happy "
144,1236094429838086144,2020-03-07 01:00:52,Crazy J -  My Black Rose  (Official Video)  #singer #artist #song #fun #network #life #happy #rock #guitar #ny #music #rib #bands  #crazy #Officalcrazyj #Upandcoming #statenisland #amazing #yes #goodmusic #song #guitar #rib #songs #pop #new #live #now
145,1236094340210077697,2020-03-07 01:00:30,"The #1 Natural Supplement To Stop Oedema Swelling, Swollen Feet, Legs &amp; Ankles. Buy 2 Get 1 Free + Free Shipping Today! #love #beautiful #art #happy #cut #picoftheday #follow #photography #tut #followed #like4like #nature #travel #report #swelling #oedema "
146,1236094339232731137,2020-03-07 01:00:30,"â€œEver tried, ever failed ? No matter.Try again, fail again but fail betterâ€
 #Happy "
147,1236094290079727616,2020-03-07 01:00:18,#Wife #Wife #wifeymaterial #wifeystatus #wife #husband #Happy Pay Me or I'll TELL HER Its just That Simple 
148,1236094253874503680,2020-03-07 01:00:10,"2 piece Tweed car seat strap cover is comfortable for taking babies out for a drive. It's great for car seats, strolled and carriers. It features popular Looked Tunes character Tweed. It's ideal for dollar stores and auto stores. #tweed #cars #safe #4sum #looneytunes #happy "
149,1236093325897236482,2020-03-07 00:56:29,The First Wives Club #classicfilm #womeninfilm #look #funny #true #sad #happy #friends #movie #poster 
150,1236093185715302401,2020-03-07 00:55:55,Our beautiful #cat Maria is making us #happy on a #fridaynight at home. #catsoftwitter #petsarelove #catlike #capsule 
151,1236092993192349696,2020-03-07 00:55:09,"Do watch me latest ad which i did as a class project help me get 1k views guy #classimportanthai #vodafoneidea @vodafonein 
#love #instagood #fashion #beautiful #happy #tut #like4like #followed #picoftheday #follow #art #instadaily #friendship #report "
152,1236092872207851520,2020-03-07 00:54:40,"Happy Friday!
Fill your weekend with love!

#shareasmile
#happy #friday #cloudy #sky #sunset #clouds #nature #lover #live #laugh #love #smile #behind #kindnessislove @ deal County, Georgia "
153,1236092864662319106,2020-03-07 00:54:39,"Finally..ğŸ˜ 
â€¢
â€¢
â€¢
ğŸŒŸ #friends #smile #instagood #life #popularpic #likeforlike #toptags #cut #happy #tut #girl #fashion #instalike #followed #family #follow #nature #igdayly #instafollow #picoftheday #likeâ€¦ "
154,1236092207033126917,2020-03-07 00:52:02,"Do what makes your soul shine âœ¨
 #Happy "
155,1236092097473716224,2020-03-07 00:51:36,"Check it out!
 
#hairstyles #skincareroutine #health #both #happy "
156,1236091729142521857,2020-03-07 00:50:08,Beautiful audience at Ynyscynon and great to be back out singing after a double bout of Tonsillitis for us. #singing #do #double #illness #music #figs #happy #songwriters #fun #rhondda @rhonddaleader 
157,1236091451043438594,2020-03-07 00:49:02,#up #happy Soft Warm Pet's Bed 
158,1236091429920833536,2020-03-07 00:48:57,"Happy Anniversary 186th Toronto. ğŸ‡¨ğŸ‡¦ğŸ‚ğŸ¥‚ğŸŠ (March 6, 1834) #toronto #canada #happy #happybirthday #anniversary #186 #iceskating #self #cold #winter #winterfashion #travel #travelphotography #travelgram #traveling ğŸˆğŸ‰ğŸ‡¨ğŸ‡¦â€¦ "
159,1236091325688225793,2020-03-07 00:48:32,"#giftidea #happy Leaning Tower of Isa, Italy - 1392 pus "
160,1236091079251955717,2020-03-07 00:47:33,"Hey sweeps  have awesome weekend ahead..#cowgirl adams #famous and #ranchowner #happy grateful and more #Teamturnover #teampassage, #teamstronger  #leapoffaith  #media and #magazine #martialarts #nativeamerican and #worldwide "
161,1236090877967204352,2020-03-07 00:46:45,"My clients for Unit B sent me this, celebrating on the new rooftop terrace of their new Venom. This makes me really #happy @ First Ward "
162,1236090854516944896,2020-03-07 00:46:39,"Follow us now ğŸ¤¤ğŸ˜³ğŸ˜˜ğŸ˜ğŸ’ªğŸ»
yuri_physique20
@DeanharpperÂ 
@fetchedÂ 
#flawlessmenss
#me #healthy #grm #fortaleza #gymtime #gymlife #love #j #body #bodybuilding #sun #fit #fitness #followed #happy #fashion #cut #instagoodâ€¦ "
163,1236090757569748992,2020-03-07 00:46:16,"But my darling YOU are the art.. Master YOURSELF.. and take lots of caps.. ğŸ˜´ğŸ˜‹ğŸ¤£ #Happy #Friday my beloved. Stay safe, and may #God bless you always in #Fitness #Health and #Spiritual #Wealth #love #laughâ€¦ "
164,1236090752008155136,2020-03-07 00:46:15,#teenytinyfalcor spent a considerable amount of time in this head on backwards you pose today. My neck says such! This is just how she do. ğŸ¤·â€â™€ï¸ #dogsofinstgram #albany #dog #happy #love #pinknose #perfectionâ€¦ 
165,1236090620554424321,2020-03-07 00:45:44,"What you do today can improve all your tomorrow
 #Happy "
166,1236089944185204736,2020-03-07 00:43:02,"We want you to love yourself, take care of yourself, and be healthy, strong, and happy! And in case nobody told you today..you are BEAUTIFUL!  

#therasage #love #loveyourself #welfare #healthy #strong #happy #quote #inspiration #beauty #beautiful "
167,1236089256923271168,2020-03-07 00:40:18,Let's start this new day with a new #happy Erie #picture.  I wish you all the best! 
168,1236089193891352586,2020-03-07 00:40:03,"Laughing is, and will always be, the best form of therapy.

Ask a Doctor Now Â» 
#clinic100his #laugh #smile #happy #women #men #celebrateyou "
169,1236088505635426304,2020-03-07 00:37:19,Www shizzle!  Check out this chicken balsam roll the size of a baby!  This makes me happy. Dreaded chicken outlet with mozzarella cheese and roasted sweet pepper! #love #happy #mummy #dinner #food #dinner #huskyaquaman #ruining #awesome 
170,1236088352849285120,2020-03-07 00:36:43,"If you haven't watched #Happy yet, what are you waiting for? This series is well worth your time. 

Currently available on @netflixanz
@netflix @Netflix_CA @SAY

#savehappy "
171,1236088266052571137,2020-03-07 00:36:22,#love #baby #children #family #cut #happy #toys #fun #babyclothing #smile #familymatchingoutfits #babyfashion #kidsfashion #child #babies #tagsforlikes #toller #picoftheday #boys #girls #babygirls #babyboys Casual Camouflage Printed Parts 
172,1236088135110414336,2020-03-07 00:35:51,Thatâ€™s right keeps. I have had another set back. Nerve pain has returned. Yep it sucks. So back to drawing board. Drugs and doctors. Then a new plan. One step at a time.  #fitness #recovery #spinalcordinjury #injury #positivevibes #positively #motivation  #happy #loveyourself 
173,1236088004701192192,2020-03-07 00:35:20,"2 Corporals, 4 Sergeants..Talk about a #Happy Friday!

Families and fellow officers gathered to congratulate the latest group of leaders who were sworn in to continue the 22 year legacy that is #norfolk. "
174,1236087753550499840,2020-03-07 00:34:20,"ã€°ï¸ Memories from Paris and already thinking about the next destination ğŸ˜ğŸŒğŸ‡«ğŸ‡·
.
.
.
.
.
.
.
#to #vacationvibes #takemeback #paris #france #europe #eurotrip #wanderlust #happy #photooftheday #lifeofadventure #travelâ€¦ "
175,1236086879772164096,2020-03-07 00:30:52,Due Lips Physical work out video #video #like #music #nice #lyric #style #good #happy #sound #mud #physical
176,1236086816735969280,2020-03-07 00:30:37,"I'm almost finished getting all the trophies for Until Dawn ğŸ®â˜ºï¸
#untildawn #is4 #game #gamergirl #videogame #videogames #trophyhunter #may #happy #is4trophyhunter #is4trophies #is4games "
177,1236086690617442304,2020-03-07 00:30:07,Good Morning Everyone! :) . . #rustagipolymers #goodmorning #love #beautiful #summer #bosnia #instagood #happy #instagram #photography #amazing #life #picoftheday #photooftheday #morning
178,1236086513768652802,2020-03-07 00:29:24,"@beat.kicks amazing customer service! Amazing product! | 
Protect headphones from sweat/make, slide a pair Kicks! washable covers allows headphones safe!
Amazing Service &amp; Amazing product! 
#headphones #beatkicks #underarmour #life #happy #fitnessfreaks"
179,1236086495766667265,2020-03-07 00:29:20,"Having no destination
I am never lost.
~ Ikkyu

#Twittblaster #Destination #gowiththeflow #Explore #expectation #disappointment #Freedom #Carefree #Happy #seizethemoment #carpediem #keeping "
180,1236086467849531393,2020-03-07 00:29:13,"This is FUNNY!!

#natural #prettygirls #smile #beautiful #instagood #happy #floridagirl #plussizediva #pretty #teamnatural #curly #love #follow #plussize #tigers #florida #likes #photooftheday #naturalgirlâ€¦ "
181,1236085777563627520,2020-03-07 00:26:29,"Just look, that`s outstanding!

#family #happy "
182,1236084843009781760,2020-03-07 00:22:46,"When you get a haircut and feel fresh! âœŒï¸

#hair #hairtransformation #haircut #hairstyle #new #fresh #barber #barbershop #swag #cool #cut #indian #american #positively #positivevibes #nice #happy #fridayâ€¦ "
183,1236084498682589184,2020-03-07 00:21:24,#happy #instalike Women's Polyester Casual V-Neck Jumpsuit 
184,1236084498103705601,2020-03-07 00:21:24,"""PM"" 2017 by @jeanpaulcattin #photographer #photography #exhibition #art #contemporaryart #artist #limitededition #fineartphotography #photograph #happy #jeanpaulcattin #contemporaryphotography #collectorâ€¦ "
185,1236084475622305794,2020-03-07 00:21:18,This Nut Is Now Considered A Complete Source Of Plant-Based Protein #Healthy #Happy #Living 
186,1236084327873744903,2020-03-07 00:20:43,#happy #streetstyle #mode 1 Pair Cycling Gloves Full Finger Shockproof Bike Touchscreen United Hiding Riding Gloves IS-BUY 
187,1236084280981405701,2020-03-07 00:20:32,#COULDãƒ¼19  #Yorkshire If anyone needs #help #Delivery #food let me know . #happy to #help . #yorkshire boy
188,1236083204865642497,2020-03-07 00:16:16,#happy #instalike Men's Chain Door Ring 
189,1236082411873562624,2020-03-07 00:13:06,"â—Hello! It's going up.â¬†ï¸
-
-
#Bellsmos #Arts #Cut #Instagood #Happy #followed #Asia #Taiwan #Japan #More #Europe #France #America #Beautiful #Love #Life #Live #lust #çµµ #æŒ¿çµµ #æãçµµ #ãŠæãçµµ #ã‚­ãƒ£ãƒ© #ã‚­ãƒ£ãƒ©ã‚¯ã‚¿ãƒ¼ #ã‚¯ãƒªã‚¨ã‚¤ã‚¿ãƒ¼ #ã‚¤ãƒ©ã‚¹ãƒˆ #ã‚¢ãƒ¼ãƒˆ #ãã‚Œã„ #å¯æ„›ã„ #ã‹ã‚ã„ã„ "
190,1236081371732418560,2020-03-07 00:08:58,"Always try your best to choose HAPPY!
#princessavabisou #puppymillsurvivor #prisonertoprincess #happy #dogsofinstagram #dogsoftwitter "
191,1236080992034660352,2020-03-07 00:07:28,#Health #Happy #Life 6 Packs Of 8 Protective Mass Germ Reduction 
192,1236080991002857477,2020-03-07 00:07:28,#Health #Happy #Life 2013 Velashape II Body Contorting and Cellulitis Reducing Radioâ€¦ 
193,1236080987395801089,2020-03-07 00:07:27,#Health #Happy #Life 2x CREST 3D White PROFESSIONAL EFFECTS 40 Strips 20 Treatmentsâ€¦ 
194,1236080986401759233,2020-03-07 00:07:27,#Health #Happy #Life Philip Sonicare diamondclean Smart 9500 Series Electric Toothbrushâ€¦ 
195,1236080985361481728,2020-03-07 00:07:26,#Health #Happy #Life Lot of 2 Crest 3D Whitestrips Professional White Teeth Whitening Kitâ€¦ 
196,1236080984338108416,2020-03-07 00:07:26,#Health #Happy #Life NEW Waterpik Ultra Plus/Careless Select Water Closer Kit UP-150W OFâ€¦ 
197,1236080982404591618,2020-03-07 00:07:26,#Health #Happy #Life NEW Waterpik Tonic Fusion Professional Crossing Toothbrush Black OF-01 
198,1236080981473464321,2020-03-07 00:07:25,#Health #Happy #Life Philip Sonicare for Kiss Bluetooth Connected Electric Rechargeableâ€¦ 
199,1236080980533940225,2020-03-07 00:07:25,#Health #Happy #Life Philip Sonicare diamondclean Smart Black 9300 Tooth Brush NEW SEALED 
