,id,text,created_at
0,1236114918556028930,"@gnmirmd #Angry public protests in Iran against Modi‚Äôs BJP govt for countenancing, even triggering anti- Muslim pogroms in Delhi!
Instead of displaying feeling ashamed Indians are arrogant and in denial- Fascism of Indian style!",2020-03-07 02:22:17
1,1236111450340569088,"@BAMAPERRY @lisakitter Yep!! Just saw #busyphillips HaPpY (((NOT))) #Abortion tape on #TuckerCarlson #TuckerCarlsonTonight, #FoxNews!! If Abortion makes #DemocRATS so happy why are they so #ANGRY when they speak of it‚ÅâÔ∏è
ü§∑‚Äç‚ôÄÔ∏èü•¥üôÑüòëü§îüôÉü§∑‚Äç‚ôÄÔ∏è",2020-03-07 02:08:30
2,1236106711901122560,I‚Äôve been pretty lucky with my neighbours in my flat so far... but if whoever has just woken me up by hoovering at 2 in the morning better stop like now #Angry #Seriously #STFU https://t.co/6GKLJhv7vQ,2020-03-07 01:49:40
3,1236098055864233984,"Anger is about not getting our way, making others feel guilty and trying to control someone else's behavior instead of controlling our own. https://t.co/new4yBX19U #readers #angry https://t.co/0veD890u4F",2020-03-07 01:15:16
4,1236090156148539393,I just found out that there won't be S2 of @GrandHotelABC @EvaLongoria like wtf am I to watch during the summer? #rude #angry #disappointedatABC,2020-03-07 00:43:53
5,1236084280125767687,"anyone saw ""joy of life""? it says Xiao Zhan plays there but i am fast scrolling ep.8 already and he is not there. don't want to waste my time on bulls*it so i'm asking. is he playing there or not???? #xiaozhan #TheUntamed #JoyOfLife #angry",2020-03-07 00:20:32
6,1236070403040108544,JUST DROPPED MY BIGGEST MIXTAPE ANGRY AT THE WORLD YODA$ #np on #SoundCloud #music #mixtape #ep #album #song #track #angry #mad #yoda #yodas #artist #rap #rapper #hiphop #shadowrap #musician #sound #cloud #songs #tracks #world #angryattheworld  https://t.co/QxpK4yw5lg,2020-03-06 23:25:23
7,1236069905037815810,"Yes, they are #angry at the world. üò°üò°üò°üò°üò° https://t.co/aQWOKuKH5q",2020-03-06 23:23:25
8,1236068872647827457,"@robreiner First off, the Democratic Party has it rigged against @SenSanders Secondly, #Bernie is the only one that can beat Trump. @JoeBiden means 4 more years of Trump. #sad #angry",2020-03-06 23:19:18
9,1236067978170560512,"@AirFranceUK Why are you choosing to ignore my tweets on a Flybe flight, when you answer other peoples quicker about the same subject? I've sent numerous tweets and DM but nothing #angry @SimonCalder do you know anything about bought Flybe but operated by AF tickets if valid?",2020-03-06 23:15:45
10,1236057085957132294,"angry birds
#angry birds https://t.co/WlHrHomTMx",2020-03-06 22:32:28
11,1236054882043428865,"hey, I finally made an URGOT chibi lol :DD whats next? Thresh maybe?

#LeagueOfLegendsFanArt #lol #leagueoflegends #fanart #urgot #urgotfanart #lolurgot #lolfanart #chibi #angry
@LeagueOfLegends @LeagueOfFanarts https://t.co/veAZMiHLWH",2020-03-06 22:23:43
12,1236053378393833472,"My general mood this week üòí #selfportrait #infinitepainter #digitalart #angry
https://t.co/s2UIowFm3x",2020-03-06 22:17:44
13,1236049378596528138,"Last year I was battling winter in  oversea, this year  i'm fighting Abuja heat sent by Lucifer.‚òπÔ∏è . Maybe I will move over to Australia next yearü§î
#Abuja #heatwave
#COVID19Lagos #OsinbajoTheFixer  #angry",2020-03-06 22:01:51
14,1236045454233800707,"@obianuju @OlaySkin You may not be calling for a boycott, but I know women who are already writing letters vowing to quit using the brand.
Just say 
#NoThanksIdRather not use @OlaySkin . It could make me as #angry as @BusyPhilipps .",2020-03-06 21:46:15
15,1236026008983285761,#so for that rude lady on the bus screaming in my ear to tell me to move you should say excuse because some people #can‚Äôt hear even though they can speak and that you need #angry management classes https://t.co/orElhPKE9i,2020-03-06 20:28:59
16,1236025267966996480,I dislike the new #ApexLegends update it literally nerfed the entire inventory and now makes me reluctant on using some guns like the R99 or the prowler since their bullet eaters but I like how the change the recoil on guns bc it makes it stupid easy to aim with some guns #angry https://t.co/gpMZFXdiMo,2020-03-06 20:26:02
17,1236023707325231104,"Hey POC voters who gave @JoeBiden the #SouthCarolinaPrimary, you #angry yet? Watch how all of a sudden MSM will say surrogates represent their own thoughts, not necessarily the candidates‚Äô.
@ClyburnSC06 black women have no standing to talk about #MLK what say you? @hilaryr #Karen https://t.co/hNx6nRE2Hr",2020-03-06 20:19:50
18,1236020042812272642,I‚Äôm sick of having agg off a bloke who‚Äôs saying I‚Äôm chatting to his man when I have my own man like bitch please I don‚Äôt talk to your man I don‚Äôt have your man on any social media platform like fuck off!!! I don‚Äôt want your man he‚Äôs grim mush I have my own man #PERIOD #angry ü§¨,2020-03-06 20:05:17
19,1236013887620894723,So just found out that for the time I spent extra at work I wont be getting paid or for back as time in leu is that even #Legal #helppost #angry,2020-03-06 19:40:49
20,1236005116865544193,@lisakitter You mean #Fat #Ugly and #Angry yup that is the look of a Liberal,2020-03-06 19:05:58
21,1236001845656424449,#Angry Black Women I am an angry black womam who is tired of corporate greed and war mongering,2020-03-06 18:52:58
22,1236001438238728196,"#SayWhat I saw ""Angry Black Women"" trending on Twitter...

And that made me even more #Angry

#AngryBlackWomen I'm so tired of hearing that word!!

üò°üò°üò°üò°üò°üò°üò°üò°üò° https://t.co/FcSY4KMuQv",2020-03-06 18:51:21
23,1236000628138221568,"As someone who has had family members and friends killed by the Taliban, I am angry and upset that someone like @CynthiaDRitchie chooses to draw parallels between #AuratMarch vocal proponents and Taliban ""kindness"" to her?

The only good Taliban are dead Taliban
#Confused #Angry",2020-03-06 18:48:08
24,1235995900113281024,"#AllahÔ∑ª don't get #angry with us. Please #forgive us üôè
#COVID19 #Coronavius https://t.co/jjJyFWXpgq",2020-03-06 18:29:20
25,1235995780449779713,"#AllahÔ∑ª don't get #angry with us. Please #forgive us üôè
#COVID19 #Coronavius https://t.co/0bJH4FiLlY",2020-03-06 18:28:52
26,1235993968472731654,@my3monkees @NYPDnews #Angry Poor parenting,2020-03-06 18:21:40
27,1235983341452550145,"@jess_mc If elected, @SenSanders will be our #firstwomanpresident. He‚Äôs everything #oldwhitemen say about #women who seek power: #shrill, #angry, #scolding, constantly #yelling, and #hysterical.",2020-03-06 17:39:26
28,1235981542742282240,@CardsGaloreUK purchased your hand sanitiser this morning  cost ¬£2.99.  Got to work opened it up and guess what it is empty.  I paid for air!!!  Purchased at Liverpool Street Station and I cannot even get refund.  #angry,2020-03-06 17:32:17
29,1235978732084400133,"If elected, @SenSanders will be our #firstwomanpresident. He‚Äôs everything #oldwhitemen say about #women who seek power: #shrill, #angry, #scolding, constantly #yelling, and #hysterical.",2020-03-06 17:21:07
30,1235978588043636737,"Democratic strategist¬†#Hilary #Rosen has apologized to¬†Nina Turner, the campaign co-chair for Sen. Bernie Sanders, after a clash on CNN, but is now under #Fire for invoking the phrase ‚Äú#Angry #Black #Women‚Äù in her apology.
On Thursday night ...
 
https://t.co/btAqkdPvnl https://t.co/pmUHBxpUJ2",2020-03-06 17:20:33
31,1235977497226993665,"This is so unacceptable my 8 year old son has been without a bed for a week because the bed we ordered had missing pieces fine but now we are told we need to wait another 2weeks for the same parts @AshleyFurnitur4  this is how you lose customers 

#angry #unacceptable",2020-03-06 17:16:13
32,1235969859525042176,"Why @StarSportsIndia is showing @IPL #rivalryseries of @RCBTweets @mipaltan @ChennaiIPL only ,do other team exist for them #angry #IPL2020 #bored #partial #Cricket",2020-03-06 16:45:52
33,1235967157412024326,@hilaryr @ninaturner Wow..so many things but this statement speaks volume! How dare you offer a backhanded apology. #angry black women.,2020-03-06 16:35:08
34,1235959425388724224,"SHAME IN YOU, @blinkfitness!!  Half the bikes have been broken for 2 weeks! Our money in jacksonheightsny should be respected too!  Please get them fixed faster! #fixthemachines  #blinkfitness #angry https://t.co/CqAjJehRWm",2020-03-06 16:04:24
35,1235958997091520512,"Don't be Jackie! Everyone feels angry from time to time, it's a natural emotion. But not always the best reaction in the office.üòÖ 
#behappy #dontbejackie #dontbejack #angry #office #workplacetips  #nyc #staffing #tempositions https://t.co/MuSITo38rQ",2020-03-06 16:02:42
36,1235958729658560512,"Don't be Jackie! Everyone feels angry from time to time, it's a natural emotion. But not always the best reaction in the office.üòÖ 
#behappy #dontbejackie #dontbejack #angry #office #workplacetips  #nyc #staffing #tempositions https://t.co/NHhL4ulSSx",2020-03-06 16:01:38
37,1235958604638965760,"Everyone feels angry from time to time, it's a natural emotion. But not always the best reaction in the office.üòÖ 
#behappy #dontbejackie #dontbejack #angry #office #workplacetips  #nyc #staffing #tempositions https://t.co/PInjCrrriB",2020-03-06 16:01:09
38,1235958507394019328,"Everyone feels angry from time to time, it's a natural emotion. But not always the best reaction in the office.üòÖ 
#behappy #dontbejackie #dontbejack #angry #office #workplacetips  #nyc #staffing #tempositions https://t.co/hITehVopE9",2020-03-06 16:00:45
39,1235958415941423110,"@JaneyGodley Would the CIS man not be better off dealing with a crime scene instead of worrying about trains, that's why crime has risen, not enough forensics giving a toss about what they do #angry",2020-03-06 16:00:24
40,1235958391534768131,"Don't be Jackie! Everyone feels angry from time to time, it's a natural emotion. But not always the best reaction in the office.üòÖ 
#behappy #dontbejackie #dontbejack #angry #office #workplacetips  #nyc #staffing #tempositions https://t.co/YNEfmMqx92",2020-03-06 16:00:18
41,1235958383104143361,"Don't be Jackie! Everyone feels angry from time to time, it's a natural emotion. But not always the best reaction in the office.üòÖ 
#behappy #dontbejackie #dontbejack #angry #office #workplacetips  #nyc #staffing #tempositions https://t.co/hOzPVSrCnN",2020-03-06 16:00:16
42,1235958365840461826,"Everyone feels angry from time to time, it's a natural emotion. But not always the best reaction in the office.üòÖ 
#behappy #dontbejackie #dontbejack #angry #office #workplacetips  #nyc #staffing #tempositions https://t.co/5hNs9XAH5O",2020-03-06 16:00:12
43,1235958321233920001,"Don't be Jackie! Everyone feels angry from time to time, it's a natural emotion. But not always the best reaction in the office.üòÖ 
#behappy #dontbejackie #dontbejack #angry #office #workplacetips  #nyc #staffing #tempositions https://t.co/4UALKsOPY5",2020-03-06 16:00:01
44,1235952086585655296,"Only thing that is going to beat Trump,
Let people vote. Tally Delegates
Either Sanders/Biden 2020 or Biden/Sanders 2020
Only way its going to work at this point
#Angry Black women",2020-03-06 15:35:14
45,1235950418263519233,#apple #fail great to have a 3 month old #macbook stop working a day before my Os trip. The people at the #apple store were totally unhelpful. Frankly I expected better service. #angry #servicesucks,2020-03-06 15:28:37
46,1235946501999865857,@megnets Well I hope he had a tie on because someone with one of those useless degrees designed that.   This makes makes me so mad üò° #angry,2020-03-06 15:13:03
47,1235934962756575232,"Good Morning üòÅ
Angry üò§ Black Women vs Nasty üò∑ White Women 
Which one ‚òùüèæ is #MEAN or just #NASTY ?
I read someone #CALLED #BLACK #FEmales #ANGRY 
How would #YOU as a #INDIVIDUAL who‚Äôs been #LABELED #RESPOND 
I guess #PLAY the same #GAME 
We know how to #CLEAN up #MESS #SMILE https://t.co/yaVkMsh4ol",2020-03-06 14:27:12
48,1235929560287449088,"""I think people are tired of these kind of political investigations,‚Äù Romney told reporters of a probe into Hunter Biden. (Mitt shills for the establishment... nothing to see here) https://t.co/o3syRPhqzd via @HuffPostPol #Bitter #Angry #Divisive #crooked",2020-03-06 14:05:44
49,1235929021214527489,#Anger #management: what to say when you're too #angry to talk https://t.co/WNjXholPlO #wellbeing #mentalhealth #communication,2020-03-06 14:03:35
50,1235928639163658240,"@MiaFarrow @ewarren @maddow Mia, I have been called everything but a white woman by #ClintonTrollFarms since 2015 because we are fighting for #Justice not #order of #WhiteModerates ~ #MisfitBlackGirls #AngryBlackWomen #BernieBros ~ Why are we #angry we have begged for a plant since 1970s that #God gave us https://t.co/oYCUvmpzLA",2020-03-06 14:02:04
51,1235918018519105536,Tom really brought a gentleman called that is ENGAGED! ARE YOU SERIOUS TOM?!???! #Angry #PoorLaura,2020-03-06 13:19:52
52,1235914921700921345,You know what ticks me off? Nosy relatives who won't leave me alone on Facebook. #angry,2020-03-06 13:07:34
53,1235913295711911937,@ThaiAirways can someone please help me urgently. Having a problem checking in for my flight tomorrow and have been on hold for 1 hour!!!! #thaiairways #angry,2020-03-06 13:01:06
54,1235908131122745349,"Beatstars:
https://t.co/7aUHX2jYzg
Soundclick:
https://t.co/FUVTUfmdwt

#morgenstern #trap #beatsforsale 
#mystical #angry #evil #rap https://t.co/jdZQdrhNJ5",2020-03-06 12:40:35
55,1235901527853850624,"For as long as FGM is here, it is lip service to girls and women. There can be no equality when this cruelty is happening. Why are we not #angry enough? What more should we do to give it the kind of attention and noise needed? Is everyone not aware of what FGM entails? My God!",2020-03-06 12:14:20
56,1235897704753934337,"The Ministry of Finance has failed miserably to take control on the economic crises, and its all the honest small depositors who have to suffer. This is completely unacceptable and as a Citizen of India i demand immediate resignation of the finance minister.
#NoBank #Angry",2020-03-06 11:59:09
57,1235879399238623234,"@Se_Railway @KentMessenger We live in a world where stress is a known killer and your service contributes to a lot of stress in your customers lives, but you think this is funny! #stress #angry #delay #depression #late #dontseemykids",2020-03-06 10:46:24
58,1235878877668442118,@Se_Railway @KentMessenger Funny how you can say the locusts will arrive next Tuesday at 8am but you can‚Äôt get any of yours trains to run on time! We could do without your twitter staff being sarcastic when lots of people are always late home and to work! #angry #stress #train https://t.co/bA5Gk8fjuv,2020-03-06 10:44:20
59,1235860431412944897,"No wonder he was angry 
Im on Twitch daily  
https://t.co/IKIiBp7tK6

Follow me here, for more clips
 
#payday #game #heist#shooter #apocalypse #twtich #streamer #livegaming #talk #chat #comewatch #sneaky #sneaking #silent  #follow #funny #dailyclips #angry #container #heavy https://t.co/gC86uWsOIs",2020-03-06 09:31:02
60,1235844224936898560,"TONIGHT!!!
TORCHBEARER + @EATDIRT. + @BleedAgainUK
#LIVE
#mouthwatering riffs..#seething vox..#thunderous bass..a #frenzy of drums..#metalcore..#fullthrottle #shouty, #angry #punk #rock..#extreme #posthardcore #Metal
¬£5 OTD/ ¬£3 ADV https://t.co/ehCFBuKbYd
https://t.co/SoICc41HO4 https://t.co/kuC4ELjb2k",2020-03-06 08:26:38
61,1235834871211102209,No info board has Kannada. The ones that had at departure gates earlier also seem gone! What should we do about this? #angry #kannada @BLRAirport,2020-03-06 07:49:28
62,1235834868350636032,At Kolkata airport - most staff are Bangla speaking. Same at hotel where I stayed. Info boards have part Bangla. And now at Blru airport - no staff speaks Kannada @BLRAirport #Kannada #angry,2020-03-06 07:49:27
63,1235834508189913088,"@magicaldiarie @KayLoveSana Vaise yeh bohat accha style hai Shehnaazki. Gussa dikhana hai wo bhi in interesting way. No need to yell and scream just show it with stlye and in original way
#Angry hai to just Curl the hair and done ‚úÖ deal. Mast hai yaar 
#WeStandByYouSana
#MujhseShaadiKaroge",2020-03-06 07:48:02
64,1235831224418979842,"@JustinTrudeau @PattyHajdu @OPP_HSD @OPP_COMM_NWR @tbpsmedia @tbpstraffic @anish_police @NAPS_Police Sometimes, I'm so #angry about the #fuzziness of our #SelfDefense laws that I feel like doing #EgyptianArab-style #protest #walk upon #centreline of major #road DURING #RushHour",2020-03-06 07:34:59
65,1235818012717879297,"And who secured the $21 million for this mass roundup plan? ---&gt; @HumaneSociety @ASPCA @ReturnToFreedom and @BeltwayBeef Animal welfare organizations who sold out to Big Beef. More cattle on public lands, more wild horses in cages. #FridayFeeling #angry #wildhorses #YouShouldKnow https://t.co/wKWHk7YADO",2020-03-06 06:42:29
66,1235816495055130626,"When everything is falling apart, and all you do is lay down and stair at the sealing without blinking, and all those tears just keep falling down your cheek. 
#BROKEN #sad #mad #angry #fallingapart #tears #fuck #quotes #facts",2020-03-06 06:36:27
67,1235795782801842177,"MSNBC's Rachel Maddow tells Warren her 2020 exit is 'crushing,' a 'death knell' for a future female POTUS
‚Å¶@ewarren‚Å© is just a #nasty choice. #Rejected #Extreme #Angry #Bitch 
https://t.co/kwvNCpZPlU",2020-03-06 05:14:09
68,1235766134068195331,"Hey #Dads, do you know what makes #doctors really #angry? @jjjohnsonWrites tells  @towersoflight all about it in the latest episode.
https://t.co/KRPW9C9zCV

#pun #comedy #puns #humor #lol #parenting #parentingtips https://t.co/CwK0pkVjy3",2020-03-06 03:16:20
69,1235751556668157953,.@maddow - Where were you when #MalestreamMedia ignored #SenatorElizabethWarren throughout entire primary season? She was THE #FemaleFrontrunner and was absent from interviews repeatedly. Pundits spoke about Liz. Voters NEVER heard from HER directly. This is WHY SHE LOST! #Angry https://t.co/hKwMSAfucp,2020-03-06 02:18:24
70,1235749196033953792,"My feelings right now , my brother is being an instigator 
https://t.co/Mi57iXw9tO

#anger #mad #angry #emotions",2020-03-06 02:09:02
71,1235742232982020098,#Angry #Birds (Free) App Apes Review. https://t.co/NsPVWqS8bR #apple #free #ios #ipad #iphone https://t.co/QuU6Xx8neC,2020-03-06 01:41:21
72,1235731707975946242,Wow that workout made me feel like an out of shape cow!! #NoEnergy #Died #Angry BUT... I get to look at save the date samples when I get home!‚ù§Ô∏èüí™üèºü•Ç,2020-03-06 00:59:32
73,1235720053917507584,"Getting #angry at someone shows one person has a #lesson to learn and the other person might have one as well. 

.

#growth 
#mindfulness 
#wisdom
#ThursdayThoughts https://t.co/bNDdGMrST8",2020-03-06 00:13:14
74,1235717107658051584,"Activities for #Angry, #Worried Kids https://t.co/ywEeBgvgcN https://t.co/l4wDKrJc4h",2020-03-06 00:01:31
75,1235701702441013250,"What‚Äôs the problem?
The problem is that you said you would call but you put everything else first. Am I just a puppet? #hurt #angry #emotional #heartbreak #missingyou #WhatDoYouThink",2020-03-05 23:00:18
76,1235685840896102401,"@SJPFISH @Pismo_B @BusyPhilipps Is she trying to convince teenage girls that by ""sacrificing"" the LIFE of her baby, she was ""rewarded"" with #Fame and #Fortune?

For such a happy and satisfied person, she sounds pretty #ANGRY.

#Selfish 
#AbortionIsMurder 
#ProLife",2020-03-05 21:57:17
77,1235684666876874752,"""Most people feel #angry sometimes, but if it's affecting your life, there are things you can try that may #help.""
üëâhttps://t.co/kp6D7uPm02

#angermanagement with @Acton_Aikido @ Braemar
‚ùóevery Sunday‚ùó

Bookings through #10to8 ‚è© https://t.co/8lMevO3OEd https://t.co/VGeXMl9SrQ",2020-03-05 21:52:37
78,1235681213005746176,Hello @SiennaMercato hey I am not happy with you people bc you took the French fries off the menu at il Tetto and it‚Äôs one of the main reasons I come here!!!!!!!!!!!!!!!!!!!! #mad #angry !!!!!!!!!,2020-03-05 21:38:53
79,1235680437596348416,"@SpeakerPelosi You are an attacker! You say you‚Äôre a Catholic, but you don‚Äôt have a forgiving heart! ‚ô•Ô∏è I am so disappointed in your representation of what powerful should look like...! #focused #angry #womenchallenged",2020-03-05 21:35:48
80,1235672509099335680,Why is it so hard to make an email?! The usernames are always taken! Send. Help. #thestruggleisreal #frustrated #angry https://t.co/XsH9LdFdd4,2020-03-05 21:04:18
81,1235656935153774592,"@dantherriault He is doing what establishment want, that is dirty #Bernie brand. 

#Communist
#Castro
#Putin
#LikeTrump
#Nazi
#Angry
#....",2020-03-05 20:02:25
82,1235656336710475776,"Me sitting in public angry as fuck trying to be calm 
#angry #calm #angermanagement #meme https://t.co/YPgItIU7fB",2020-03-05 20:00:02
83,1235644490658045957,"I need a break. Listening to music and podcasts (NOT news) for a while. Someone text me if #covid19 or the old white men take over the world. 

Oh wait, the second thing is just the world we live in. 

See you in the Fall of 2020. 

#angry #overit #Primaries2020 #Elections2020",2020-03-05 19:12:58
84,1235630822344056832,@gtbank  I am NOT a happy Gtbank customer right now.I am so disappointed.I opened a current account and ws debited 4a cheque.Came 2pick d cheque book I was told d cheque has been destroyed AFTER 180 DAYS.And that I will have 2 make another request.WHO PAYS FOR THE NEW CHQ.#ANGRY.,2020-03-05 18:18:39
85,1235627753237549056,@reddogsusie @juliebutera This is just unacceptable. There is 100% no reason for this. This is why our intention is to form our own animal rescue and make sure no #dog or #cat is put down for absolutely no reason. #angry #pointless,2020-03-05 18:06:27
86,1235621311759749120,Evil micky on stand  #mickey #angry #love #treasure #art https://t.co/tdye0ppKMQ,2020-03-05 17:40:52
87,1235614588470730752,"ANGERY! Reuploading this one.

#inkling #inklinggirl #angry #splatoonart https://t.co/ChygvlZ249 https://t.co/WL3yZZbmvj",2020-03-05 17:14:09
88,1235610250717409280,"The Vegan Swans are officially boycotting the game on Saturday unless @SwansOfficial announce a Vegan Pie by 5pm tomorrow. You have 24 hours left! 

#swans #angry #livid #protest",2020-03-05 16:56:54
89,1235607789973786625,Disconsolate that #warren has dropped out. We keep saying we want a woman to be president but until we treat all candidates the same that damn glass ceiling will get us every time. #angry,2020-03-05 16:47:08
90,1235606888458457088,On #TheBIG @MoSPhilly #Show #Today @610ESPN #Philadelphia @BroadStBull #talks #RedHot @NHLFlyers  @LaxPhillyNews on #WhyCareAbout #PhillyLacrosse &amp; #Angry @sixers #OmarSimmons wants #FanMutiny! @MoSPhillyLou @ChuckBushbeck &amp; me at 888-728-9941! https://t.co/XVrzmiFy4S https://t.co/xt0k08qhBt,2020-03-05 16:43:33
91,1235597996634628098,"#Angry about #transphobia today? Here are some things you can do with that #rage.

#Women #Transgender #LGBTQIA #Hate #Bigotry #Discrimination #Transphobia #Terfs #TerfFails https://t.co/oMQcp6pp70",2020-03-05 16:08:13
92,1235596618159845377,"If I'd a way to leave this City I would! Feel so beaten up, over and over. People do not deserve to be treated like this! Every time I made a complaint to landlord, the harassment increased. The final straw was a recent altercation, they are #angry. Family has had ENOUGH! #HamOnt",2020-03-05 16:02:44
93,1235596597548978179,"Rule one, never be late... What time do your cats expect breakfast? #warning #cat #angry #hungry #hopeaf https://t.co/n02ZHTcXyb",2020-03-05 16:02:39
94,1235596303519887361,@irishrygirl @ewarren I early voted yesterday in the Il primary and she had my vote and my confidence and it is a fucking shame she is out.  #angry,2020-03-05 16:01:29
95,1235595156600107008,"""Long fingernails like shell splinters descend toward me, and I wonder if she‚Äôll gouge my eyes out."" https://t.co/VsHafT98ww #Horror #podcast #episode 5 https://t.co/VsHafT98ww #WWII #WarCrimes #angry #vampire #FionaTheVampire #podcasts https://t.co/VsHafT98ww https://t.co/xLGCqsyV1J",2020-03-05 15:56:56
96,1235593453532258304,"Premium High quality #LaptopSkins - #Angry Black #Wolf #Art for your Macbook Air, Macbook Pro, Macbook Pro Retina, and PC laptops. These 1 mm thick skins/stickers give personality to your device while also providing scratch resistance https://t.co/a1rk2Z6PsA https://t.co/lBaXK5JTC3",2020-03-05 15:50:10
97,1235588325282467841,Going live on #twitch playing some #cod #modernwarfare on #pc so come on in and say hey! https://t.co/ZDsUUl9i8e #gamer #gaming #rage #angry #pcgaming #videogames #fps #follow,2020-03-05 15:29:47
98,1235577878219091974,"@sawdustnsparkle I can see these same beautiful birds from Gigrin right now, flying gracefully above Rhayader. Whoever feels the need to do this really deserves the hand of the law slapped down hard on them. So upsetting to see this news. #angry",2020-03-05 14:48:16
99,1235570423397601282,"I stg if I hear Plato say one more thing about ""the world of being"" I'm going to chuck him out a window and have him splat on the ""Idea of a perfect ground"" üòäüò° #angry #platosphilosophyisstupid",2020-03-05 14:18:39
100,1235560971231518721,"The face of our ""elected"" officials.  @RashidaTlaib needs to be #votedout #VoteThemOut Look at the #HATE on her face.  #angry https://t.co/nARtIg9OoZ",2020-03-05 13:41:05
101,1235555914339532806,‚ÄúEducation is an inherently political act.‚Äù (@garystager) It is more the case than ever before that education cannot be held under the purview of #LowestCommonDenominator political minds (politicians) whose singular interest is dividing humanity to ensure re-election. #Sad #Angry,2020-03-05 13:21:00
102,1235554923594444805,"Wanted a break, got a nightmare #kitkat #itsallchocolate #angry https://t.co/1Vl1C0z5TD",2020-03-05 13:17:03
103,1235549660766441472,@justinalpertesq No surprise here #angry #man,2020-03-05 12:56:09
104,1235549506042769408,@TracyAnnLilly11 Pulls more faces than Mr Bean #angry,2020-03-05 12:55:32
105,1235548707124326406,Mind games do not make me believe you are mysterious or interesting. Mind games do make me believe you are waste of my energy and waste of my time. #1dayattime #babysteps #fuckoff #mood #angry en Clinica Los Cedros‚Ä¶ https://t.co/2UjqhlMQlP,2020-03-05 12:52:21
106,1235547720666005506,She always wants me to be honest but after telling the truth she becomes #Angry...,2020-03-05 12:48:26
107,1235518724465188864,"My concentration was Iron think he could distract me pffft

@theyoungslug1
@SGH_RTs 
#SP123456
#SmallStreamerCommunity 
@SmallStreamersR 
@FearRTs 
 #letsplay
#NintendoSwitch 
#Bottledit 
#Angry
#SmashBrosUltimate 
#CatsOfTwitter 
@BlazedRTs 
#saboteur
#twitch 
#twitchclips https://t.co/b8kEpyXbpx",2020-03-05 10:53:13
108,1235514184772620290,"You take that money away from sum these niggas n you ah be left wit a insecure #miserable angry lil bitch ..dont become that #insecure miserable #angry lil bitch...
Read A Book üìö",2020-03-05 10:35:11
109,1235479173076070400,Deleted several expletives from that tweet before sending. #angry,2020-03-05 08:16:03
110,1235475389134368770,"so this happened last night......Legit sums up Mario and getting too happy with even the slightest lead

@theyoungslug1

@Dratchsky appreciate the capture 
#SP123456
#SmallStreamerCommunity 
@SmallStreamersR

 #Keepcalm
@FearRTs

 #letsplay
#NintendoSwitch 
#Bottledit 
#Angry https://t.co/8WYbouMOfF",2020-03-05 08:01:01
111,1235468905063182338,"So it is very interesting to see that when you have an open mind, you perception changes. When your perception changes, your fixed notions change. Then you have an altogether different scenario.
Every time you are #angry, know that it is because of righteousness. @SriSri",2020-03-05 07:35:15
112,1235466203335995393,@Calderdale #northernrail #fedup we pay ahead of travelling yet you never deliver.. we work so that we can support the less unfortunate and yet you fail to deliver. I am committed to my job and get up on time to get to the station.Bloody sort it out!!!!! #angry #excuses #delays,2020-03-05 07:24:31
113,1235455004976300033,#Angry #Birds #Epic App Apes Review. https://t.co/UOxMlIEO0y #windows https://t.co/hof68vvvCf,2020-03-05 06:40:01
114,1235450831496855552,".
.
. .
#inspirationalpeople #inspirationeverywhere #inspirationalthoughts  TYPE YES IF YOU AGREE üî•ü§ö .
.
.
.
.
.

#ThinkDifferently #SOBERCHATS #Sober #anxiety #Angry #People #Supernatural #Live #LifeHacks‚Ä¶ https://t.co/yCTjatfJjD",2020-03-05 06:23:26
115,1235444865019850753,@iyk_yk_ @Andr3wprinz what about durban fam.... this is not on fam #angry,2020-03-05 05:59:43
116,1235438454319861760,@SenSchumer should be investigated. His Dem colleagues should red flag him for his threats. #Scary #Angry #NotSmart @SenRonJohnson @dougcoulter1 @Reince @GOPChairwoman https://t.co/6SLiVYnfB8,2020-03-05 05:34:15
117,1235434982878806016,Thanks @PlayStation lotta frickin help I pre order a game it crashes my system and doesn't even come with everything it advertised does @AskPlayStation help? Nope talk to a bot and get bent thanks #angry #scam #ripoff,2020-03-05 05:20:27
118,1235433352406028288,"You are a pathetic fucking joke if you are one of these spastics bulk buying toilet paper. 
Now people like me who actually have run out and need a roll or two can‚Äôt get any üò° #angry #nothappy #oddsocks #cardboard?",2020-03-05 05:13:59
119,1235424399081082880,"@CoryGroshek True
Hard pass on 
#Angry TerroristPu$$y",2020-03-05 04:38:24
120,1235422788766199809,@littlecaesars why the hell i get gome with my pizza and crazy bread and my damn bread is raw!!! #angry #bs #fixthis https://t.co/gMzTbeUzus,2020-03-05 04:32:00
121,1235415350109405184,@georgewash really think he can keep me locked up!! ain‚Äôt got nothin on me #setmefree #angry,2020-03-05 04:02:27
122,1235412209762738177,OOOOh Morrie Scum calls Albo a Twitter Troll #qt #angry #pale #stale #old #male,2020-03-05 03:49:58
123,1235404581992947716,"@ezraklein Culture and history matters. Look at @SenSanders rethoric, accomplishments and tone. It is a #mob of #angry, not a #party of #progressive ideas like they like to paint themselves. Enough.",2020-03-05 03:19:39
124,1235397659105595393,"#Oremus: In the name of Jesus Christ, I renounce the spirit of ira. (#anger/#wrath/#angryness/#angry)",2020-03-05 02:52:09
125,1235397494575697920,üßÆ This is up for a recount. #Angry‚òòÔ∏è https://t.co/ZYsn3zFe7b,2020-03-05 02:51:29
126,1235396601734148098,"Is it really so difficult to vote for a competent, pragmatic, non-establishment, ""nice"" female candidate? Just 36 delegates, really? #gutted #angry @TeamWarren",2020-03-05 02:47:57
127,1235388256931340288,"Me: Are you angry?
W: Angry is my baseline. You should know that!
#thingswilliamsays #angry #dangle",2020-03-05 02:14:47
128,1235387377062903812,"i made a meme for the OSC members and non-OSC members

#meme #dankmemes #memes #objectshow #objectshows #pizza #venezuela #object #show #doodle #doodles #osc #cry #crying #angry https://t.co/hK0YW3UkZZ",2020-03-05 02:11:17
129,1235387251678420993,@maddow I wish you'd call out @BernieSanders 4 the liar he is. His supporters attacks comes directly from the top. Bernie is an insidious attacker even when he's ostensibly giving a compliment. @MikeBloomberg wasn't trying to buy an election. Listen carefully to his LIES. #angry,2020-03-05 02:10:47
130,1235382834967257088,OMG Look At This #NUTCASE Another Very #Angry #Dangerous #CuckooBird Yikes! These Folks Need A Padded~Cell &amp; Lots Of #Medication!ü§™#WICKED https://t.co/HBDivqRcOz,2020-03-05 01:53:14
131,1235372008046764032,"Let‚Äôs sweep the House and Senate of this @GOP filth. Honestly, there‚Äôs no other way to describe people who are so happily eroding our democracy and freedoms. Vote them out like it‚Äôs a punch in the face. #Angry #WhyArentYou #GetAngry",2020-03-05 01:10:13
132,1235369125129711622,That feeling sometimes.. #gamer #angry #fun #destiny2 #destinythegame https://t.co/pf2afLuxbd,2020-03-05 00:58:46
133,1235357272676720641,"I completely appreciate the sentiment!!
#disgusted #angry #repet #angry #repetive https://t.co/as1WOMRMZY",2020-03-05 00:11:40
134,1235345744695042049,"I‚Äôm so fucking #angry that if you give me a gun I will literally gunbarrel sequence the #coronavirus until it no longer spreads
#notimetodie¬† #JamesBond¬† #BillieEilish https://t.co/WVsja2tAzb",2020-03-04 23:25:51
135,1235339444271579138,"‚ÄúSo much happens that makes me want to scream. Our fucked-up collective pain leaves us nowhere safe to do this. So we created a place to scream."" @mannequinpussy 
https://t.co/cNLNk3Vlqp
#scream #angry #punk #music #live #concert #sanfran #sf #bayarea #noisepop2020",2020-03-04 23:00:49
136,1235330987980132352,"@MCfrench5 CBAs and Assessment Tasks are a nightmare.  MFL bad enough, Irish a nightmare. #stressed #Frustrated #angry. How did this happen?",2020-03-04 22:27:13
137,1235306561670705163,"You can never go #Wrong with #Angry #Kittens
 
#Cats #Cat #Kittens #Kitten #Kitty #Pets #Pet #Meow #Moe #CuteCats #CuteCat #CuteKittens #CuteKitten #MeowMoe

https://t.co/xCClLO9xWQ
 
. https://t.co/xu96T8Xqaj",2020-03-04 20:50:09
138,1235305919229104128,"And Warren, well she's not too leftist, but... I mean, you know we want a #woman, just not one so #pushy #strident #scolding #catty #backstabbing #masculine #feminist #ugly #unhinged #nagging #bitchy #loud #angry",2020-03-04 20:47:36
139,1235300904607330305,@BBCiPlayer sort it out - how can we watch the Spurs game when your app keeps buffering and doesn‚Äôt work! This is what we pay a TV license for... leave the footie to @SkySports and @btsport #TOTNOR #angry,2020-03-04 20:27:41
140,1235293362795745282,Proof that #Angry actually breathes fire.,2020-03-04 19:57:42
141,1235291854247165954,"Yo stop it fam lol.. don't em angry
#racism #hulk #angry #funny #marvel #Memes #comedy #rude #jokes #offensivememes #green #swag #drip #tmobile #work #job #phones https://t.co/BGGTwu7yj5",2020-03-04 19:51:43
142,1235288696678739968,@msleen1970 @Cmm09672 @BernieSanders #angry old man,2020-03-04 19:39:10
143,1235288226350452738,‚ÄúWhat a beautiful day‚Äù would what I‚Äôd say if I didn‚Äôt just lose my AirPods üò°üò°üò° #Angry,2020-03-04 19:37:18
144,1235281367073804288,Latest sold on Adobe Stock - Angry woman - Model Dominique Plouffe https://t.co/YpPx8gjawG #portrait #woman #angry #castingsauvage #emotion https://t.co/Uav8lWSe0c,2020-03-04 19:10:02
145,1235281242364379136,"Get out of our pension funds, Greens ü§¨ #nzpol #angry #GreenParty https://t.co/lbdZMRmX8X",2020-03-04 19:09:33
146,1235273685776269312,"#Angry #Old #Fart Goes #Hunting Open Multiplayer https://t.co/Gx45jHdJpO
#TheHunter #TheHunterCOTW #TheHunterCallOfTheWild #PcGame + #XboxOne #Controller pluggedinto pc for #Stream #Microphone",2020-03-04 18:39:31
147,1235268113576452101,"Ah, one of my earliest TV terrors. Never change a tyre in the rain. #angry

.

.

.

#incrediblehulk #billbixby #illustration #drawing #draw #sketch #sketchbook #digitalart #digitalpainting #digitalartist #photoshop #kylebrush #michaelprea 

‚Ä¶ https://t.co/FcgbssK1Im https://t.co/BmIh8vBVnt",2020-03-04 18:17:23
148,1235267532292005891,"Tayo and betonie talking about how whites took their land.
#page127 #dutrolit11 #angry @mrsdutro @MrsCarterLit https://t.co/ExVuSOH5Eb",2020-03-04 18:15:04
149,1235266649449730049,"Coronavirus won‚Äôt have cleared by November, how is delaying a bond film going to help #angry",2020-03-04 18:11:34
150,1235262050265423875,"I‚Äôve been advocating for a long time, for #CPPS #PainPatients #CRPS #Cancer #awareness I‚Äôm going to stop for a bit. I‚Äôll post my opinions on other subjects, particularly funny subjects. It doesn‚Äôt have to be serious all the time anymore &amp; it‚Äôs Better than being #Angry or #Crying https://t.co/zVuioTRTkM",2020-03-04 17:53:17
151,1235261422206169088,What in the actual hell? I am at a lost for words. I was really looking forward to a group day out to see this but unfortunately it‚Äôs about corona virus so why not just postpone every other major studio film. #angry #Bond #Notimetodie https://t.co/4Wy57teu3l,2020-03-04 17:50:47
152,1235256335068848128,"Authored by Steve Watson via Summit News,
President #Trump donated his fourth quarter #Salary to the Department of Health and Human Services this week in an effort to help #Fight the #Coronavirus, but #Leftists are #Angry about it because‚Ä¶ ¬† ...
 
https://t.co/5QTwDPqUSb https://t.co/tsvi7mV0Oz",2020-03-04 17:30:34
153,1235240884989546496,OUTRAGED AND FUMING ABOUT THIS!!!! #coronavirus #CoronaAlert #CoronaOutbreak #gcses2020 #gcses #crisis #exams #angry https://t.co/jF6TvXMbx8,2020-03-04 16:29:11
154,1235239295650344967,He's dead. Given that your vet missed the big tumor in his intestines TWICE I don't think his teeth really matter #angry #Medivet https://t.co/llOtuLoJOG,2020-03-04 16:22:52
155,1235232550194470913,@goairlinesindia #angry now I am losing patience. I am getting no response on DM - and no reply - no go air flights from Bangkok to Mumbai for so long!! üò†,2020-03-04 15:56:04
156,1235224602885779456,I want to fight voter suppression and provide voter education. #tired #angry #fedup,2020-03-04 15:24:29
157,1235214762671255555,"Today I am ashamed to say I am Dutch. 900 young 'talents' from #Vindicat (Dutch student association) went skiing in confirmed #Corona virus Italian area. We are amongst the richest countries in the world, but not the smartest. Close our borders before they come home! #angry",2020-03-04 14:45:23
158,1235213825084801027,"angry birds
#angry birds https://t.co/gM5JnmSzFN",2020-03-04 14:41:39
159,1235208550315507718,"angry birds
#angry birds https://t.co/dGrfTwMEti",2020-03-04 14:20:42
160,1235207466444455937,@alexwagner @varda_friedman @BernieSanders When you act like #Angry it doesn't hurt no none but yourself...moral to the story...,2020-03-04 14:16:23
161,1235198946537902080,"@RL_Conservative @JustinSaddle @davidmweissman @DonaldJTrumpJr üòÇI never said anything about you caring, but I guess you do care since you‚Äôre so adamant about not caring!  #angryü§£        By the way,  If you Didn‚Äôt care then why are you even on this tweet defending David‚Äôs lie? #davidcaresandapparentlyyoutoo!üòÇ",2020-03-04 13:42:32
162,1235194283910557696,Well it‚Äôs the next morning and the power is still out!!!! It‚Äôs has been out since 11 last night. I think this was the longest blackout. üò° #HateBlackouts #Angry #Bored #Recharge,2020-03-04 13:24:00
163,1235193559256616961,"Some dirty b@stard has let their dog do a üí© right outside my front door this morning. Absolutely disgusted! ü§¨

#angry #rant #disgusting #dogpoo #irresponsible 
 
How angry would you be if this happened outside your house!?",2020-03-04 13:21:07
164,1235189439132864512,"Let‚Äôs be honest, no living being in this universe is angry, they are all hungry, 
thts it!

#humanbeing #livingbeing #CoronaAlert #KamalNath #Trends #hungry #angry #life",2020-03-04 13:04:45
165,1235187649822052352,@MattressFirm ..How is your company going to take $1800 dollars out of my account and then tell me they haven‚Äôt received my money so they can‚Äôt finish and deliver my order!?! #angry,2020-03-04 12:57:39
166,1235186075888476161,Just been #scammed by @BarnetCouncil with #ripoff #parkingcharge High Street and next street completely different costs. #noidea #getreal #noconsistency #angry chose 2 hours at each location expiry time irrelevant as going to be less than 2 hours! https://t.co/BHrIRjxUWw,2020-03-04 12:51:23
167,1235177539422818304,"Just loved the cnn exit survey about you democrats motivation. The vast majority of those polled were #angry just annnnnnngry waaaahhh! #SuperTuesday lighten up, relax take a vacation 

https://t.co/PIk3qdfP02",2020-03-04 12:17:28
168,1235169742966706182,Sometimes controlling your own emotions is best way üòë #angry,2020-03-04 11:46:29
169,1235161467382530048,"Today I am ashamed to say I am Dutch. 900 young 'talents' from #Vindicat (Dutch student association) went skiing in confirmed #Corona virus Italian area. We are amongst the richest countries in the world, but not the smartest. Close our borders before they come home! #angry",2020-03-04 11:13:36
170,1235157390674321410,@ITV @Ofcom I know I‚Äôm not alone thinking this! There are far too many adverts about life insurance die when we die! Funeral plans etc! I know it comes to us all but we don‚Äôt need to be reminded about it throughout EVERY DAY! #ofcom #complaint #angry,2020-03-04 10:57:24
171,1235156710744035328,Yet again another commission advertised seeking creatives with a budget that is prohibitive to creativity. ü§¶‚Äç‚ôÄÔ∏è #angry #juststopandthink #professionals https://t.co/AMpVOkuBmH,2020-03-04 10:54:42
172,1235156412520689666,Thanks to the bum that hacked my @dominos pizza account and ordered dinner for a small army on MY card !!!!!!! #angry,2020-03-04 10:53:31
173,1235106347370369025,"Don‚Äôt mess with the wrath of Dillon. ü§¨ü§¨ü§¨
#birdcall #birdcallradio #radio #ontheair #anger #angry #dillon #quail #snap #anger #angermanagement #frustrated https://t.co/wVPOaQloGZ",2020-03-04 07:34:35
174,1235103044141862912,@_harpriyakaur @WhatsApp The dark mode is just not aesthetically pleasing. Please do something about it !! #angry,2020-03-04 07:21:27
175,1235098390628667393,The one time I need to charge my phone....THE POWER IS OUT!!!!!! #Angry #Bored #Recharge,2020-03-04 07:02:58
176,1235097802788597760,Most of us know in our hearts that the homeless and the poor are not so very different from us. https://t.co/BcM5gNFasa #DailyOM #Quotes #QOTD #Homeless #Poverty #Guilty #Angry #Human,2020-03-04 07:00:37
177,1235093982511632386,I am so livid jersey jalwa liaison got 5 squares of paneer but i only got served 1... wtf #angry #hungry,2020-03-04 06:45:27
178,1235091952506253312,"@RWPUSA @ewarren Thank you. I am #disheartened that our Dem politics is so manipulated and controlled by money and the media. @SenWarren is the smartest, most qualified, experienced, and best candidate for our country and she has been dismissed and ghosted. Our choices? Two old men. #angry",2020-03-04 06:37:23
179,1235079782435414016,"AnneSweetMeringue

#blackbackgroundbyybl #sauce #yannbernardlejard #yblinc #boardplatingbyybl #food #art #chef #artist #cuisine #gastronomie #plating #cooking #painting #foodie #foodbloggers #LatableKrugByY #bahrain #restaurant #bahrain #foodtrend #angry #dessert #plate #assiette https://t.co/REtfsoqfbB",2020-03-04 05:49:01
180,1235024669431873536,"@uetiger2001 @Traceybregman @YandR_CBS @DougDavidsonYR @BethMaitlandDQB @LauraleeB4real @CJLeBlanc @JessWaltonYR You're def not alone! They now literally have to bring back @DougDavidsonYR he is one of the Vets listed who has not filmed anything! So disgusted at Sony. New writer needed 2 make anything happen. Fans want them ALL BACK! Without DD, I can't watch. This is all on Sony! #angry",2020-03-04 02:10:01
181,1235013536436432899,GOTTA LOVE SOME HUDDLE FIGHTING!!!!!!!! #TOUGHNESS #FAMILY #ANGRY,2020-03-04 01:25:47
182,1235005710758486016,kewl #supertuesday #trump #angry #Democrats https://t.co/WR3rQUlrAu,2020-03-04 00:54:41
183,1234992038648545280,Let‚Äôs go girls!  #Angry Red!  It is show time! https://t.co/4FLWfkwTYY,2020-03-04 00:00:21
184,1234983578284376065,"What‚Äôs the point of @amazon prime , when after you pay they change the delivery date .. starting to wear thin and cost money #angry",2020-03-03 23:26:44
185,1234982561425674241,"@RMGltd You get to deal with the #abuse of customers who are rightfully #angry, and I believe many if not all of you #empathise with the #plight of the #residents.",2020-03-03 23:22:42
186,1234976345639153666,"""Long fingernails like shell splinters descend toward me, and I wonder if she‚Äôll gouge my eyes out."" https://t.co/VsHafTqJo4 #horror #podcast #episode 5 https://t.co/VsHafTqJo4 #German #WarCrimes #angry #vampire #FionaTheVampire #SiredByFiona https://t.co/VsHafTqJo4 https://t.co/g4I4vhGdBq",2020-03-03 22:58:00
187,1234975266776043520,@Facebook can I get some help with my account please. How long do I have to wait. It‚Äôs been since February 25thü§îü§îü§îü§î#angry #FacebookLive #facebookmessenger #FacebookGaming @fbnewsroom,2020-03-03 22:53:42
188,1234944446447411207,"@darryljoemurphy @krishgm @MattHancock @MattHancock has defo got his (serious) #Covid_19 face on, and has since last Sunday when he was on #Marr , although I tagged him in a tweeting Sunday , asking him a really serious q re same (I have much lowered immunity) but the bugger didn‚Äôt reply #Angry",2020-03-03 20:51:14
189,1234938792110366721,"WHEN WILL THIS MAN LEARN THAT HIS ACTIONS HAVE CONSEQUENCES. MY BRAND WAS FRICKIN STOLEN AGAIN!!!!!
#stolen #robbed #angry https://t.co/sMRFk2I23e",2020-03-03 20:28:46
190,1234933069230018560,So today my company‚Äôs logo and name were copycat on some site tee shirt designs. Best believe I‚Äôve been reporting them all. No one takes my hard work away! #nastywoman #angry #geteven #getmad #FightForUS #tuesdayvibes #filmmaker,2020-03-03 20:06:02
191,1234921648274518021,Sometimes the people you tell your plans to are the ones who destroy it first!!! #Angry,2020-03-03 19:20:39
192,1234916704788058112,"What a waste of beer.

#beer #alcohol #drink #angry #mad #tv #gaming #meme #memes https://t.co/a3Oo8BT5JU",2020-03-03 19:01:00
193,1234916546713128965,"@IlhanMN #IlhanOmar fraudulently enters US, marries brother 4 citizenship; Then cheats on her 2nd husband; Funnels  campaign cash to her lover!
Then is #angry about #studentloans, demands wealth!?   Guess again #Ilhan, look at where u‚Äôd have been in #Somalia! https://t.co/4uBlQzMK0N",2020-03-03 19:00:23
194,1234911374939230208,My current moods summed up perfectly... #angry #illdoitwhenimreadyto #sortoutyourownshit https://t.co/djHvR94WNi,2020-03-03 18:39:49
195,1234907584122896384,@AdkCheryl @DonOlden @VicToensing @donnabrazile @FoxNews @GOPChairwoman @realDonaldTrump #angry Democrat,2020-03-03 18:24:46
196,1234907409149239298,"@sidrosenberg @Flirtyflipper Had a 7 day time out cuz apparently lines or jokes I write about people were  reported as ""hate"" speech when I  of course isn't hateful.. I'm just #angry",2020-03-03 18:24:04
197,1234893459116429312,"Can‚Äôt find a proper name for this #angry #moai
.
.
.
#watercolor #watercolorpainting
#art #paint  #color #arte #artwork #artist  #artistsoninstagram #amoeba #sun #doodle #palmtrees #pascua #island #head #teeth #funny‚Ä¶ https://t.co/pqqm7NV8tD",2020-03-03 17:28:38
198,1234891749547483136,I hate waiting in lines .... #angry ü§¨ü§¨ü§¨ü§¨,2020-03-03 17:21:50
199,1234891071957671937,"@juanblanco76 üòÇüòÇüòÇüòÇüòÇüòÇüòÇüòÇüòÇüòÇüòÇüòÇüòÇüòÇüòÇüòÇüòÇüòÇüòÇüòÇüòÇüòÇüòÇüòÇ

#Always be #Professional 
#Never use #Reply all in #Emails
#Write emails like your #Mommy is reading it!
Don't #write emails when you are #upset or #angry.

@Michelle_TCL1 https://t.co/WGsVaIKfKQ",2020-03-03 17:19:09
